{"cameraMode":{"drawMode":0,"name":"Shaded","section":"Shading Mode"},"sceneLighting":true,"audioPlay":false,"sceneViewState":{"m_AlwaysRefresh":false,"showFog":true,"showSkybox":true,"showFlares":true,"showImageEffects":true,"showParticleSystems":true,"showVisualEffectGraphs":true,"m_FxEnabled":true},"in2DMode":false,"pivot":{"x":0.2231006622314453,"y":0.9566933512687683,"z":-0.7753738164901733},"rotation":{"x":0.09117409586906433,"y":-0.9086481332778931,"z":0.27449217438697817,"w":0.3014950156211853},"size":3.2694644927978517,"orthographic":false}