{"cameraMode":{"drawMode":0,"name":"Shaded","section":"Shading Mode"},"sceneLighting":true,"audioPlay":false,"sceneViewState":{"m_AlwaysRefresh":false,"showFog":true,"showSkybox":true,"showFlares":true,"showImageEffects":true,"showParticleSystems":true,"showVisualEffectGraphs":true,"m_FxEnabled":true},"in2DMode":false,"pivot":{"x":-11.140144348144532,"y":-6.568722724914551,"z":2.6392507553100588},"rotation":{"x":0.20743830502033235,"y":-0.3997536897659302,"z":0.09341228008270264,"w":0.8879884481430054},"size":23.557350158691408,"orthographic":false}